CTY_NAME,TRADE_SHOCK_MONTH,PREV_NEWS_SHOCKS
AFGHANISTAN,15,0
ALBANIA,47,0
ALGERIA,25,0
ANGOLA,44,0
ANGOLA,45,0
ANGUILLA,41,0
ANTIGUA AND BARBUDA,9,1
ANTIGUA AND BARBUDA,10,1
ARGENTINA,43,0
ARMENIA,23,0
AUSTRIA,18,0
AUSTRIA,19,0
AZERBAIJAN,9,0
AZERBAIJAN,11,0
AZERBAIJAN,12,1
BAHRAIN,36,0
BANGLADESH,4,0
BANGLADESH,5,0
BELARUS,32,0
BELARUS,33,0
BELGIUM,33,0
BELGIUM,34,0
BENIN,7,0
BENIN,8,0
BOLIVIA,35,0
BOLIVIA,36,0
BOSNIA AND HERZEGOVINA,31,0
BRITISH VIRGIN ISLANDS,33,0
BRUNEI,17,0
BULGARIA,15,0
CABO VERDE,32,0
CABO VERDE,33,0
CAMBODIA,29,0
CAMBODIA,30,0
CAMBODIA,31,0
CAMEROON,9,0
CAMEROON,10,0
CAYMAN ISLANDS,40,0
CENTRAL AFRICAN REPUBLIC,27,0
CHILE,21,0
CHILE,22,0
CHINA,9,0
COLOMBIA,14,0
COMOROS,37,0
COSTA RICA,45,0
COSTA RICA,46,0
COTE D'IVOIRE,19,0
COTE D'IVOIRE,20,0
CROATIA,12,0
CURACAO,15,0
CZECH REPUBLIC,22,0
DOMINICA,16,0
DOMINICAN REPUBLIC,39,0
DOMINICAN REPUBLIC,40,0
ECUADOR,9,0
ECUADOR,10,0
EGYPT,15,0
EQUATORIAL GUINEA,44,0
ESTONIA,25,0
ESWATINI,40,0
FIJI,22,0
FIJI,23,0
FIJI,24,0
FINLAND,11,0
GEORGIA,9,0
GHANA,20,0
GHANA,34,0
GREECE,12,0
GREECE,13,0
GREENLAND,43,0
GREENLAND,44,0
GRENADA,2,0
GRENADA,11,0
GRENADA,14,0
GUADELOUPE,28,0
GUATEMALA,23,0
GUATEMALA,41,0
GUINEA,3,0
GUINEA,4,0
HAITI,15,0
HAITI,16,0
HAITI,17,0
HAITI,28,0
HONG KONG,24,0
HUNGARY,22,0
INDIA,48,0
INDONESIA,21,0
IRAN,3,0
IRAN,4,0
IRAQ,4,0
IRELAND,39,0
IRELAND,40,0
JAMAICA,9,0
JORDAN,21,0
KENYA,18,0
KENYA,19,0
KOSOVO,32,0
KOSOVO,45,0
KUWAIT,32,0
KUWAIT,33,0
LATVIA,2,0
LEBANON,19,0
LIBYA,31,0
LITHUANIA,33,0
LITHUANIA,34,0
LUXEMBOURG,22,0
LUXEMBOURG,23,0
MADAGASCAR,46,0
MADAGASCAR,47,0
MALAWI,4,0
MALAWI,5,0
MALAYSIA,21,0
MALAYSIA,40,0
MALAYSIA,41,0
MALTA,6,2
MALTA,7,1
MARSHALL ISLANDS,12,1
MARSHALL ISLANDS,13,1
MARTINIQUE,37,0
MAURITIUS,5,1
MAURITIUS,6,2
MEXICO,28,0
MICRONESIA,21,0
MONACO,5,0
MONACO,6,0
MONGOLIA,25,0
MONTENEGRO,21,0
MONTENEGRO,33,0
MOROCCO,19,0
MOROCCO,24,0
MOROCCO,25,0
MOROCCO,26,0
NAMIBIA,10,0
NAMIBIA,48,0
NETHERLANDS,21,1
NEW CALEDONIA,15,0
NEW CALEDONIA,16,0
NEW ZEALAND,36,0
NEW ZEALAND,37,0
NORWAY,47,0
OMAN,24,0
PAKISTAN,28,0
PAKISTAN,29,0
PALAU,17,0
PALAU,18,0
PANAMA,44,0
PANAMA,45,0
PARAGUAY,12,2
PERU,9,0
PERU,26,0
PERU,34,0
POLAND,20,0
POLAND,21,0
POLAND,33,0
PORTUGAL,8,0
ROMANIA,2,0
ROMANIA,16,0
RUSSIA,35,0
RUSSIA,36,0
RWANDA,20,0
SAUDI ARABIA,47,0
SENEGAL,2,0
SERBIA,6,0
SEYCHELLES,9,0
SEYCHELLES,10,0
SINGAPORE,22,0
SINGAPORE,23,0
SLOVAKIA,29,0
SOUTH SUDAN,37,0
SRI LANKA,47,0
SRI LANKA,48,0
SURINAME,13,2
SURINAME,14,1
SURINAME,15,1
SWITZERLAND,10,0
SWITZERLAND,16,0
TAJIKISTAN,11,0
THAILAND,10,0
TOGO,19,0
TONGA,7,0
TONGA,8,0
TRINIDAD AND TOBAGO,3,0
TUNISIA,30,0
TURKEY,30,0
TURKEY,31,0
TURKS AND CAICOS ISLANDS,39,0
TUVALU,18,0
TUVALU,19,0
UNITED ARAB EMIRATES,7,0
URUGUAY,3,0
UZBEKISTAN,21,0
VIETNAM,12,0
ZIMBABWE,31,0
