CTY_NAME,TRADE_SHOCK_MONTH,PREV_NEWS_SHOCKS
ALBANIA,40,0
ALBANIA,47,0
ANTIGUA AND BARBUDA,38,0
ANTIGUA AND BARBUDA,39,0
ARUBA,16,0
AUSTRALIA,5,0
AUSTRALIA,46,0
AUSTRIA,21,0
AZERBAIJAN,47,0
AZERBAIJAN,48,0
BANGLADESH,2,0
BANGLADESH,48,0
BARBADOS,16,0
BELGIUM,11,0
BELGIUM,12,0
BELGIUM,15,0
BERMUDA,27,0
BRUNEI,42,0
BRUNEI,43,0
BULGARIA,34,0
BURUNDI,26,0
CABO VERDE,28,0
CAMBODIA,21,0
CAMEROON,45,0
CHILE,35,0
CHINA,24,0
CHINA,25,0
COLOMBIA,40,0
COTE D'IVOIRE,12,2
CYPRUS,41,0
CZECH REPUBLIC,39,1
CZECH REPUBLIC,44,0
CZECH REPUBLIC,45,0
DJIBOUTI,38,0
DJIBOUTI,45,0
DOMINICAN REPUBLIC,22,0
DOMINICAN REPUBLIC,23,0
ECUADOR,42,0
ECUADOR,44,1
EL SALVADOR,16,0
EL SALVADOR,48,0
ESTONIA,30,0
FIJI,26,0
FINLAND,29,0
FRENCH POLYNESIA,40,0
GABON,31,0
GABON,32,0
GAMBIA,46,0
GHANA,48,0
GIBRALTAR,40,0
GIBRALTAR,46,0
GUATEMALA,11,0
GUYANA,10,0
GUYANA,11,0
HAITI,12,0
HAITI,18,0
INDIA,43,0
IRAN,19,0
IRELAND,4,0
JAMAICA,17,0
JORDAN,39,0
KENYA,20,0
KENYA,21,0
KYRGYZSTAN,10,0
LIBERIA,2,0
LIBERIA,4,0
LIBYA,20,1
MALAYSIA,20,0
MAURITANIA,8,0
MAURITANIA,41,0
MAURITANIA,42,0
MEXICO,11,0
MICRONESIA,33,1
MICRONESIA,34,2
MONACO,47,0
MONACO,48,0
MOZAMBIQUE,35,0
NEW CALEDONIA,45,0
NEW CALEDONIA,46,0
NICARAGUA,21,0
NORFOLK ISLAND,26,0
NORWAY,4,0
NORWAY,5,0
OMAN,31,0
OMAN,32,0
PALAU,32,0
PALAU,33,0
PAPUA NEW GUINEA,38,0
PHILIPPINES,2,1
PORTUGAL,16,0
REUNION,5,2
ROMANIA,11,0
RWANDA,23,0
RWANDA,35,1
SAUDI ARABIA,42,0
SAUDI ARABIA,43,0
SAUDI ARABIA,44,0
SAUDI ARABIA,45,0
SENEGAL,35,0
SENEGAL,38,0
SWITZERLAND,40,0
SWITZERLAND,41,1
TOGO,33,0
TOGO,34,0
TOKELAU,44,0
TRINIDAD AND TOBAGO,2,0
TURKEY,38,0
TURKEY,39,0
UGANDA,24,0
UGANDA,25,0
UKRAINE,41,0
VANUATU,35,0
VANUATU,36,0
ZAMBIA,42,0
ZAMBIA,43,0
ZAMBIA,45,0
